<?xml version="1.0" encoding="UTF-8"?>
<bpmn2:definitions xmlns:activiti="http://activiti.org/bpmn" xmlns:xsi="http://www.w3.org/2001/XMLSchema-instance" xmlns:bpmn2="http://www.omg.org/spec/BPMN/20100524/MODEL" xmlns:bpmndi="http://www.omg.org/spec/BPMN/20100524/DI" xmlns:dc="http://www.omg.org/spec/DD/20100524/DC" xmlns:di="http://www.omg.org/spec/DD/20100524/DI" id="sample-diagram" targetNamespace="http://bpmn.io/schema/bpmn" xsi:schemaLocation="http://www.omg.org/spec/BPMN/20100524/MODEL BPMN20.xsd">
  <bpmn2:process id="process-2b772ad7-aa6c-4b44-9739-5f4ea1bf1f4f" name="booleanvisibilityprocess" isExecutable="true">
    <bpmn2:documentation />
    <bpmn2:startEvent id="StartEvent_1">
      <bpmn2:outgoing>SequenceFlow_0ya6zmq</bpmn2:outgoing>
    </bpmn2:startEvent>
    <bpmn2:sequenceFlow id="SequenceFlow_0ya6zmq" sourceRef="StartEvent_1" targetRef="Task_1dhvsrn" />
    <bpmn2:endEvent id="EndEvent_1c9lt1k">
      <bpmn2:incoming>SequenceFlow_0vxcmrw</bpmn2:incoming>
    </bpmn2:endEvent>
    <bpmn2:sequenceFlow id="SequenceFlow_0vxcmrw" sourceRef="Task_1dhvsrn" targetRef="EndEvent_1c9lt1k" />
    <bpmn2:userTask id="Task_1dhvsrn" name="boolean_visibility_task" activiti:formKey="form-505f7310-c9a7-4f59-9dff-75fd64672e50" activiti:candidateUsers="admin.adf, hruser" activiti:candidateGroups="hr">
      <bpmn2:incoming>SequenceFlow_0ya6zmq</bpmn2:incoming>
      <bpmn2:outgoing>SequenceFlow_0vxcmrw</bpmn2:outgoing>
    </bpmn2:userTask>
  </bpmn2:process>
  <bpmndi:BPMNDiagram id="BPMNDiagram_1">
    <bpmndi:BPMNPlane id="BPMNPlane_1" bpmnElement="process-2b772ad7-aa6c-4b44-9739-5f4ea1bf1f4f">
      <bpmndi:BPMNShape id="_BPMNShape_StartEvent_2" bpmnElement="StartEvent_1">
        <dc:Bounds x="412" y="240" width="36" height="36" />
      </bpmndi:BPMNShape>
      <bpmndi:BPMNEdge id="SequenceFlow_0ya6zmq_di" bpmnElement="SequenceFlow_0ya6zmq">
        <di:waypoint x="448" y="258" />
        <di:waypoint x="498" y="258" />
      </bpmndi:BPMNEdge>
      <bpmndi:BPMNShape id="EndEvent_1c9lt1k_di" bpmnElement="EndEvent_1c9lt1k">
        <dc:Bounds x="648" y="240" width="36" height="36" />
      </bpmndi:BPMNShape>
      <bpmndi:BPMNEdge id="SequenceFlow_0vxcmrw_di" bpmnElement="SequenceFlow_0vxcmrw">
        <di:waypoint x="598" y="258" />
        <di:waypoint x="648" y="258" />
      </bpmndi:BPMNEdge>
      <bpmndi:BPMNShape id="UserTask_12p7t5g_di" bpmnElement="Task_1dhvsrn">
        <dc:Bounds x="498" y="218" width="100" height="80" />
      </bpmndi:BPMNShape>
    </bpmndi:BPMNPlane>
  </bpmndi:BPMNDiagram>
</bpmn2:definitions>
