<?xml version="1.0" encoding="UTF-8"?>
<bpmn2:definitions xmlns:activiti="http://activiti.org/bpmn" xmlns:xsi="http://www.w3.org/2001/XMLSchema-instance" xmlns:bpmn2="http://www.omg.org/spec/BPMN/20100524/MODEL" xmlns:bpmndi="http://www.omg.org/spec/BPMN/20100524/DI" xmlns:dc="http://www.omg.org/spec/DD/20100524/DC" xmlns:di="http://www.omg.org/spec/DD/20100524/DI" id="sample-diagram" targetNamespace="http://bpmn.io/schema/bpmn" xsi:schemaLocation="http://www.omg.org/spec/BPMN/20100524/MODEL BPMN20.xsd">
  <bpmn2:process id="process-6c240c71-272e-46af-8c5f-630984c8c15d" name="numbervisibilityprocess" isExecutable="true">
    <bpmn2:documentation />
    <bpmn2:startEvent id="StartEvent_1">
      <bpmn2:outgoing>SequenceFlow_0vv6n29</bpmn2:outgoing>
    </bpmn2:startEvent>
    <bpmn2:sequenceFlow id="SequenceFlow_0vv6n29" sourceRef="StartEvent_1" targetRef="Task_00tqiv0" />
    <bpmn2:endEvent id="EndEvent_0yr8om9">
      <bpmn2:incoming>SequenceFlow_0i67pw5</bpmn2:incoming>
    </bpmn2:endEvent>
    <bpmn2:sequenceFlow id="SequenceFlow_0i67pw5" sourceRef="Task_00tqiv0" targetRef="EndEvent_0yr8om9" />
    <bpmn2:userTask id="Task_00tqiv0" name="number_visibility_task" activiti:formKey="form-a5c741ef-8d35-40c7-9f42-793d70fd3027" activiti:candidateUsers="hruser, admin.adf" activiti:candidateGroups="hr">
      <bpmn2:incoming>SequenceFlow_0vv6n29</bpmn2:incoming>
      <bpmn2:outgoing>SequenceFlow_0i67pw5</bpmn2:outgoing>
    </bpmn2:userTask>
  </bpmn2:process>
  <bpmndi:BPMNDiagram id="BPMNDiagram_1">
    <bpmndi:BPMNPlane id="BPMNPlane_1" bpmnElement="process-6c240c71-272e-46af-8c5f-630984c8c15d">
      <bpmndi:BPMNShape id="_BPMNShape_StartEvent_2" bpmnElement="StartEvent_1">
        <dc:Bounds x="412" y="240" width="36" height="36" />
      </bpmndi:BPMNShape>
      <bpmndi:BPMNEdge id="SequenceFlow_0vv6n29_di" bpmnElement="SequenceFlow_0vv6n29">
        <di:waypoint x="448" y="258" />
        <di:waypoint x="498" y="258" />
      </bpmndi:BPMNEdge>
      <bpmndi:BPMNShape id="EndEvent_0yr8om9_di" bpmnElement="EndEvent_0yr8om9">
        <dc:Bounds x="648" y="240" width="36" height="36" />
      </bpmndi:BPMNShape>
      <bpmndi:BPMNEdge id="SequenceFlow_0i67pw5_di" bpmnElement="SequenceFlow_0i67pw5">
        <di:waypoint x="598" y="258" />
        <di:waypoint x="648" y="258" />
      </bpmndi:BPMNEdge>
      <bpmndi:BPMNShape id="UserTask_108veqw_di" bpmnElement="Task_00tqiv0">
        <dc:Bounds x="498" y="218" width="100" height="80" />
      </bpmndi:BPMNShape>
    </bpmndi:BPMNPlane>
  </bpmndi:BPMNDiagram>
</bpmn2:definitions>
