{"id":"process-d6bd666b-9371-4546-a67e-be3beb6efa1f","type":"PROCESS","name":"processwithvariables","extensions":{"properties":{"7cf99919-ca35-41a5-a7b0-289e05d44604":{"id":"7cf99919-ca35-41a5-a7b0-289e05d44604","name":"nameString","type":"string","required":true,"value":"string"},"03ecd719-3df6-43bd-a001-e75480302438":{"id":"03ecd719-3df6-43bd-a001-e75480302438","name":"nameDate","type":"date","required":false,"value":"2019-09-13"},"0c7b3a1e-9a8b-4cac-9563-a8ed59210b59":{"id":"0c7b3a1e-9a8b-4cac-9563-a8ed59210b59","name":"nameBoolean","type":"boolean","required":false,"value":false},"a01d2d99-4c82-4c77-bb38-bd6a6917985f":{"id":"a01d2d99-4c82-4c77-bb38-bd6a6917985f","name":"nameInteger","type":"integer","required":false,"value":11}},"mappings":{},"constants":{}}}