<?xml version="1.0" encoding="UTF-8"?>
<bpmn2:definitions xmlns:activiti="http://activiti.org/bpmn" xmlns:xsi="http://www.w3.org/2001/XMLSchema-instance" xmlns:bpmn2="http://www.omg.org/spec/BPMN/20100524/MODEL" xmlns:bpmndi="http://www.omg.org/spec/BPMN/20100524/DI" xmlns:dc="http://www.omg.org/spec/DD/20100524/DC" xmlns:di="http://www.omg.org/spec/DD/20100524/DI" id="sample-diagram" targetNamespace="http://bpmn.io/schema/bpmn" xsi:schemaLocation="http://www.omg.org/spec/BPMN/20100524/MODEL BPMN20.xsd">
  <bpmn2:process id="process-d807f027-7c97-4387-815f-a9029122fc62" name="siblingtaskprocess" isExecutable="true">
    <bpmn2:documentation />
    <bpmn2:startEvent id="StartEvent_1">
      <bpmn2:outgoing>SequenceFlow_1s7q8bz</bpmn2:outgoing>
    </bpmn2:startEvent>
    <bpmn2:endEvent id="EndEvent_1bsqsc2">
      <bpmn2:incoming>SequenceFlow_1doc7dy</bpmn2:incoming>
      <bpmn2:incoming>SequenceFlow_148dlwc</bpmn2:incoming>
      <bpmn2:incoming>SequenceFlow_0alu32k</bpmn2:incoming>
    </bpmn2:endEvent>
    <bpmn2:sequenceFlow id="SequenceFlow_1s7q8bz" sourceRef="StartEvent_1" targetRef="Task_0brs569" />
    <bpmn2:userTask id="Task_0brs569" name="ParentTask" activiti:assignee="hruser">
      <bpmn2:incoming>SequenceFlow_1s7q8bz</bpmn2:incoming>
      <bpmn2:outgoing>SequenceFlow_1ybjy70</bpmn2:outgoing>
      <bpmn2:outgoing>SequenceFlow_1yf144z</bpmn2:outgoing>
      <bpmn2:outgoing>SequenceFlow_1o5k0lb</bpmn2:outgoing>
    </bpmn2:userTask>
    <bpmn2:sequenceFlow id="SequenceFlow_1ybjy70" sourceRef="Task_0brs569" targetRef="Task_0ufus36" />
    <bpmn2:sequenceFlow id="SequenceFlow_1yf144z" sourceRef="Task_0brs569" targetRef="Task_1yabnt8" />
    <bpmn2:sequenceFlow id="SequenceFlow_1o5k0lb" sourceRef="Task_0brs569" targetRef="Task_0gbxrvh" />
    <bpmn2:userTask id="Task_0ufus36" name="ChildTask1" activiti:assignee="hruser">
      <bpmn2:incoming>SequenceFlow_1ybjy70</bpmn2:incoming>
      <bpmn2:outgoing>SequenceFlow_1doc7dy</bpmn2:outgoing>
    </bpmn2:userTask>
    <bpmn2:userTask id="Task_1yabnt8" name="ChildTask2" activiti:assignee="hruser">
      <bpmn2:incoming>SequenceFlow_1yf144z</bpmn2:incoming>
      <bpmn2:outgoing>SequenceFlow_148dlwc</bpmn2:outgoing>
    </bpmn2:userTask>
    <bpmn2:userTask id="Task_0gbxrvh" name="ChildTask3" activiti:assignee="hruser">
      <bpmn2:incoming>SequenceFlow_1o5k0lb</bpmn2:incoming>
      <bpmn2:outgoing>SequenceFlow_0alu32k</bpmn2:outgoing>
    </bpmn2:userTask>
    <bpmn2:sequenceFlow id="SequenceFlow_1doc7dy" sourceRef="Task_0ufus36" targetRef="EndEvent_1bsqsc2" />
    <bpmn2:sequenceFlow id="SequenceFlow_148dlwc" sourceRef="Task_1yabnt8" targetRef="EndEvent_1bsqsc2" />
    <bpmn2:sequenceFlow id="SequenceFlow_0alu32k" sourceRef="Task_0gbxrvh" targetRef="EndEvent_1bsqsc2" />
  </bpmn2:process>
  <bpmndi:BPMNDiagram id="BPMNDiagram_1">
    <bpmndi:BPMNPlane id="BPMNPlane_1" bpmnElement="process-d807f027-7c97-4387-815f-a9029122fc62">
      <bpmndi:BPMNShape id="_BPMNShape_StartEvent_2" bpmnElement="StartEvent_1">
        <dc:Bounds x="-31" y="188" width="36" height="36" />
      </bpmndi:BPMNShape>
      <bpmndi:BPMNShape id="EndEvent_1bsqsc2_di" bpmnElement="EndEvent_1bsqsc2">
        <dc:Bounds x="827" y="188" width="36" height="36" />
      </bpmndi:BPMNShape>
      <bpmndi:BPMNEdge id="SequenceFlow_1s7q8bz_di" bpmnElement="SequenceFlow_1s7q8bz">
        <di:waypoint x="5" y="206" />
        <di:waypoint x="55" y="206" />
      </bpmndi:BPMNEdge>
      <bpmndi:BPMNShape id="UserTask_17jptpo_di" bpmnElement="Task_0brs569">
        <dc:Bounds x="55" y="166" width="100" height="80" />
      </bpmndi:BPMNShape>
      <bpmndi:BPMNEdge id="SequenceFlow_1ybjy70_di" bpmnElement="SequenceFlow_1ybjy70">
        <di:waypoint x="155" y="206" />
        <di:waypoint x="205" y="206" />
      </bpmndi:BPMNEdge>
      <bpmndi:BPMNEdge id="SequenceFlow_1yf144z_di" bpmnElement="SequenceFlow_1yf144z">
        <di:waypoint x="155" y="206" />
        <di:waypoint x="180" y="206" />
        <di:waypoint x="180" y="316" />
        <di:waypoint x="205" y="316" />
      </bpmndi:BPMNEdge>
      <bpmndi:BPMNEdge id="SequenceFlow_1o5k0lb_di" bpmnElement="SequenceFlow_1o5k0lb">
        <di:waypoint x="155" y="206" />
        <di:waypoint x="180" y="206" />
        <di:waypoint x="180" y="426" />
        <di:waypoint x="205" y="426" />
      </bpmndi:BPMNEdge>
      <bpmndi:BPMNShape id="UserTask_0ux2qrb_di" bpmnElement="Task_0ufus36">
        <dc:Bounds x="205" y="166" width="100" height="80" />
      </bpmndi:BPMNShape>
      <bpmndi:BPMNShape id="UserTask_0rfmx39_di" bpmnElement="Task_1yabnt8">
        <dc:Bounds x="205" y="276" width="100" height="80" />
      </bpmndi:BPMNShape>
      <bpmndi:BPMNShape id="UserTask_1kzgzxv_di" bpmnElement="Task_0gbxrvh">
        <dc:Bounds x="205" y="386" width="100" height="80" />
      </bpmndi:BPMNShape>
      <bpmndi:BPMNEdge id="SequenceFlow_1doc7dy_di" bpmnElement="SequenceFlow_1doc7dy">
        <di:waypoint x="305" y="206" />
        <di:waypoint x="827" y="206" />
      </bpmndi:BPMNEdge>
      <bpmndi:BPMNEdge id="SequenceFlow_148dlwc_di" bpmnElement="SequenceFlow_148dlwc">
        <di:waypoint x="305" y="316" />
        <di:waypoint x="566" y="316" />
        <di:waypoint x="566" y="206" />
        <di:waypoint x="827" y="206" />
      </bpmndi:BPMNEdge>
      <bpmndi:BPMNEdge id="SequenceFlow_0alu32k_di" bpmnElement="SequenceFlow_0alu32k">
        <di:waypoint x="305" y="426" />
        <di:waypoint x="566" y="426" />
        <di:waypoint x="566" y="206" />
        <di:waypoint x="827" y="206" />
      </bpmndi:BPMNEdge>
    </bpmndi:BPMNPlane>
  </bpmndi:BPMNDiagram>
</bpmn2:definitions>
