<?xml version="1.0" encoding="UTF-8"?>
<definitions xmlns="http://www.omg.org/spec/BPMN/20100524/MODEL" xmlns:xsi="http://www.w3.org/2001/XMLSchema-instance" xmlns:activiti="http://activiti.org/bpmn" xmlns:bpmndi="http://www.omg.org/spec/BPMN/20100524/DI" xmlns:omgdc="http://www.omg.org/spec/DD/20100524/DC" xmlns:omgdi="http://www.omg.org/spec/DD/20100524/DI" xmlns:xsd="http://www.w3.org/2001/XMLSchema" id="sample-diagram" targetNamespace="http://bpmn.io/schema/bpmn" xsi:schemaLocation="http://www.omg.org/spec/BPMN/20100524/MODEL BPMN20.xsd">
  <process id="process-642d170f-e0c3-4ec9-b6c7-9b8f4c42ef1a" name="start-visibility-form" isExecutable="true">
    <startEvent id="StartEvent_1" activiti:formKey="form-30418ed3-2beb-464f-ad51-4ca5da02f6d8">
      <outgoing>SequenceFlow_1qaa9fw</outgoing>
    </startEvent>
    <sequenceFlow id="SequenceFlow_1qaa9fw" sourceRef="StartEvent_1" targetRef="Task_0lnjk5q" />
    <endEvent id="EndEvent_0mkn34t">
      <incoming>SequenceFlow_1lwf281</incoming>
    </endEvent>
    <sequenceFlow id="SequenceFlow_1lwf281" sourceRef="Task_0lnjk5q" targetRef="EndEvent_0mkn34t" />
    <userTask id="Task_0lnjk5q" name="User Task" activiti:assignee="hruser" activiti:candidateGroups="hr" />
  </process>
  <bpmndi:BPMNDiagram id="BPMNDiagram_process-642d170f-e0c3-4ec9-b6c7-9b8f4c42ef1a">
    <bpmndi:BPMNPlane id="BPMNPlane_process-642d170f-e0c3-4ec9-b6c7-9b8f4c42ef1a" bpmnElement="process-642d170f-e0c3-4ec9-b6c7-9b8f4c42ef1a">
      <bpmndi:BPMNShape id="BPMNShape_StartEvent_1" bpmnElement="StartEvent_1">
        <omgdc:Bounds x="412" y="240" width="36" height="36" />
      </bpmndi:BPMNShape>
      <bpmndi:BPMNShape id="BPMNShape_EndEvent_0mkn34t" bpmnElement="EndEvent_0mkn34t">
        <omgdc:Bounds x="648" y="240" width="36" height="36" />
      </bpmndi:BPMNShape>
      <bpmndi:BPMNShape id="BPMNShape_Task_0lnjk5q" bpmnElement="Task_0lnjk5q">
        <omgdc:Bounds x="498" y="218" width="100" height="80" />
      </bpmndi:BPMNShape>
      <bpmndi:BPMNEdge id="BPMNEdge_SequenceFlow_1qaa9fw" bpmnElement="SequenceFlow_1qaa9fw">
        <omgdi:waypoint x="448" y="258" />
        <omgdi:waypoint x="498" y="258" />
      </bpmndi:BPMNEdge>
      <bpmndi:BPMNEdge id="BPMNEdge_SequenceFlow_1lwf281" bpmnElement="SequenceFlow_1lwf281">
        <omgdi:waypoint x="598" y="258" />
        <omgdi:waypoint x="648" y="258" />
      </bpmndi:BPMNEdge>
    </bpmndi:BPMNPlane>
  </bpmndi:BPMNDiagram>
</definitions>
