<?xml version="1.0" encoding="UTF-8"?>
<definitions xmlns="http://www.omg.org/spec/BPMN/20100524/MODEL" xmlns:xsi="http://www.w3.org/2001/XMLSchema-instance" xmlns:xsd="http://www.w3.org/2001/XMLSchema" xmlns:activiti="http://activiti.org/bpmn" xmlns:bpmndi="http://www.omg.org/spec/BPMN/20100524/DI" xmlns:omgdc="http://www.omg.org/spec/DD/20100524/DC" xmlns:omgdi="http://www.omg.org/spec/DD/20100524/DI" xmlns:bpmn2="http://www.omg.org/spec/BPMN/20100524/MODEL" xmlns:dc="http://www.omg.org/spec/DD/20100524/DC" xmlns:di="http://www.omg.org/spec/DD/20100524/DI" typeLanguage="http://www.w3.org/2001/XMLSchema" expressionLanguage="http://www.w3.org/1999/XPath" targetNamespace="http://bpmn.io/schema/bpmn" id="sample-diagram" xsi:schemaLocation="http://www.omg.org/spec/BPMN/20100524/MODEL BPMN20.xsd">
  <process id="process-b56226ad-919b-4029-8ffb-402faacb413f" name="simplestuff" isExecutable="true">
    <startEvent id="StartEvent_1">
      <outgoing>SequenceFlow_1pmhghe</outgoing>
    </startEvent>
    <sequenceFlow id="SequenceFlow_1pmhghe" sourceRef="StartEvent_1" targetRef="Task_1e92ilu"></sequenceFlow>
    <endEvent id="EndEvent_0ajc1dx">
      <incoming>SequenceFlow_0zjgor8</incoming>
    </endEvent>
    <sequenceFlow id="SequenceFlow_0zjgor8" sourceRef="Task_1e92ilu" targetRef="EndEvent_0ajc1dx"></sequenceFlow>
    <userTask id="Task_1e92ilu" activiti:assignee="hruser"></userTask>
  </process>
  <bpmndi:BPMNDiagram id="BPMNDiagram_process-b56226ad-919b-4029-8ffb-402faacb413f">
    <bpmndi:BPMNPlane bpmnElement="process-b56226ad-919b-4029-8ffb-402faacb413f" id="BPMNPlane_process-b56226ad-919b-4029-8ffb-402faacb413f">
      <bpmndi:BPMNShape bpmnElement="StartEvent_1" id="BPMNShape_StartEvent_1">
        <omgdc:Bounds height="36.0" width="36.0" x="412.0" y="240.0"></omgdc:Bounds>
      </bpmndi:BPMNShape>
      <bpmndi:BPMNShape bpmnElement="EndEvent_0ajc1dx" id="BPMNShape_EndEvent_0ajc1dx">
        <omgdc:Bounds height="36.0" width="36.0" x="648.0" y="240.0"></omgdc:Bounds>
      </bpmndi:BPMNShape>
      <bpmndi:BPMNShape bpmnElement="Task_1e92ilu" id="BPMNShape_Task_1e92ilu">
        <omgdc:Bounds height="80.0" width="100.0" x="498.0" y="218.0"></omgdc:Bounds>
      </bpmndi:BPMNShape>
      <bpmndi:BPMNEdge bpmnElement="SequenceFlow_1pmhghe" id="BPMNEdge_SequenceFlow_1pmhghe">
        <omgdi:waypoint x="448.0" y="258.0"></omgdi:waypoint>
        <omgdi:waypoint x="498.0" y="258.0"></omgdi:waypoint>
      </bpmndi:BPMNEdge>
      <bpmndi:BPMNEdge bpmnElement="SequenceFlow_0zjgor8" id="BPMNEdge_SequenceFlow_0zjgor8">
        <omgdi:waypoint x="598.0" y="258.0"></omgdi:waypoint>
        <omgdi:waypoint x="648.0" y="258.0"></omgdi:waypoint>
      </bpmndi:BPMNEdge>
    </bpmndi:BPMNPlane>
  </bpmndi:BPMNDiagram>
</definitions>